{
    "clips": {"main": {
        "bigwinEnd": {
            "duration": 2.3979591836734695,
            "volume": 1,
            "start": 0.02
        },
        "introFreeSpin": {
            "duration": 4.125555555555556,
            "volume": 1,
            "start": 2.7198185941043085
        },
        "quickStop": {
            "duration": 0.40494331065759637,
            "volume": 1,
            "start": 7.147233560090703
        },
        "countUpLoopEnd": {
            "duration": 0.37063492063492065,
            "volume": 1,
            "start": 7.8540362811791375
        },
        "ambienceFreeSpin": {
            "duration": 7.999365079365079,
            "volume": 1,
            "start": 8.526530612244898
        },
        "freeSpinAnimationSnd": {
            "duration": 3.753628117913832,
            "volume": 1,
            "start": 16.827755102040815
        },
        "smallWin": {
            "duration": 1.1561451247165533,
            "volume": 1,
            "start": 20.883242630385485
        },
        "AttentionFreeSpinSnd": {
            "duration": 0.40249433106575966,
            "volume": 1,
            "start": 22.341247165532877
        },
        "bigWin": {
            "duration": 8,
            "volume": 1,
            "start": 23.045600907029478
        },
        "countUpLoop": {
            "duration": 0.10777777777777778,
            "volume": 1,
            "start": 31.347460317460317
        },
        "reelSpin": {
            "duration": 0.5159183673469387,
            "volume": 1,
            "start": 31.757097505668934
        },
        "outroFreeSpin": {
            "duration": 4.278616780045351,
            "volume": 1,
            "start": 32.574875283446715
        },
        "ambienceGeneral": {
            "duration": 8,
            "volume": 1,
            "start": 37.155351473922906
        },
        "AttentionFreeSpinDoubleSnd": {
            "duration": 0.6339909297052154,
            "volume": 1,
            "start": 45.45721088435375
        },
        "ReelNearWinSnd": {
            "duration": 11.11111111111111,
            "volume": 1,
            "start": 46.393061224489806
        },
        "reelBounce": {
            "duration": 0.3265079365079365,
            "volume": 1,
            "start": 57.806031746031756
        },
        "spinButtonClick": {
            "duration": 0.853514739229025,
            "volume": 1,
            "start": 58.43439909297053
        },
        "mediumWin": {
            "duration": 1.8747392290249434,
            "volume": 1,
            "start": 59.58977324263039
        },
        "largeWin": {
            "duration": 2.827301587301587,
            "volume": 1,
            "start": 61.766371882086176
        }
    }},
    "files": {"main": "multimedia/audio/webAudio_mobile/main.mp3"},
    "fileSizes": {"main": 389842}
}